"ID","Description","setSize","enrichmentScore","NES","pvalue","p.adjust","qvalue","rank","leading_edge","core_enrichment","log2err"
"HALLMARK_E2F_TARGETS","HALLMARK_E2F_TARGETS",196,0.761006605448344,4.03797112659388,1e-10,4.54545454545455e-10,1.75513271654181e-10,2108,"tags=65%, list=11%, signal=59%","TOP2A/DEPDC1/DIAPH3/KIF4A/CDK1/MELK/KIF2C/CDKN3/CDC20/DLGAP5/UBE2T/MKI67/KIF18B/BUB1B/CDCA8/PTTG1/SPC24/RACGAP1/KPNA2/BIRC5/CENPE/STMN1/HMMR/CCNB2/PRKDC/E2F8/RRM2/RAD51AP1/MAD2L1/GINS1/TRIP13/MYBL2/AURKB/TCF19/CDKN2A/CDKN2C/MSH2/EZH2/MCM4/HELLS/CENPM/RNASEH2A/ASF1B/AURKA/BRCA1/GINS4/ANP32E/CDCA3/CCNE1/DSCC1/PLK4/MCM6/ORC6/MCM3/TK1/HMGA1/TUBG1/CIT/GINS3/SNRPB/PRIM2/CHEK1/RAD21/UBE2S/MCM2/NUP205/HMGB2/RAD51C/SMC4/PLK1/CSE1L/CDC25A/XPO1/USP1/DONSON/NME1/DCLRE1B/CKS2/NUP107/MMS22L/SLBP/LMNB1/BARD1/PCNA/ATAD2/DCK/LBR/NCAPD2/RAD1/SSRP1/RFC3/DEK/CDK4/ESPL1/SPAG5/TUBB/CNOT9/MCM7/CKS1B/TIPIN/BRCA2/RAN/POLD1/SMC3/RFC2/PMS2/PA2G4/TACC3/NAP1L1/MCM5/PSMC3IP/RBBP7/IPO7/DCTPP1/LYAR/POLA2/ASF1A/CHEK2/PPP1R8/RFC1/TIMELESS/XRCC6/TFRC/PHF5A/POLD3/SUV39H1/NBN/UBR7",NA
"HALLMARK_G2M_CHECKPOINT","HALLMARK_G2M_CHECKPOINT",188,0.720768193250949,3.81402514475903,1e-10,4.54545454545455e-10,1.75513271654181e-10,1666,"tags=52%, list=8%, signal=48%","CENPF/TOP2A/NEK2/KIF4A/CDK1/BUB1/PRC1/KIF2C/CDKN3/CDC20/MKI67/KIF23/TTK/KIF15/PTTG1/RACGAP1/NDC80/KPNA2/UBE2C/BIRC5/STIL/TROAP/EXO1/KIF11/CENPE/STMN1/HMMR/CCNA2/CDC6/CCNB2/UCK2/POLQ/NUSAP1/MAD2L1/TPX2/RAD54L/MYBL2/AURKB/E2F1/CCNF/CDKN2C/EZH2/CDC45/SMC2/AURKA/E2F3/PLK4/CDC27/MCM6/ORC6/MCM3/E2F2/SQLE/TRAIP/HMGA1/CBX1/KNL1/PRIM2/CHEK1/KIF5B/RAD21/UBE2S/MCM2/CDC7/DBF4/SMC4/DTYMK/PLK1/CDC25A/XPO1/CKS2/KIF20B/KPNB1/RASAL2/LMNB1/INCENP/NSD2/BARD1/BUB3/GINS2/LBR/DR1/CDK4/CHAF1A/ESPL1/SNRPD1/DKC1/CKS1B/BRCA2/SMARCC1/TACC3/MCM5/PRMT5/RBL1/POLA2/LIG3/HMGN2",NA
"HALLMARK_MYC_TARGETS_V1","HALLMARK_MYC_TARGETS_V1",195,0.636393794484405,3.36120708556476,1e-10,4.54545454545455e-10,1.75513271654181e-10,4276,"tags=62%, list=22%, signal=49%","CDC20/KPNA2/ILF2/CCNA2/MAD2L1/RFC4/CCT3/CDC45/MCM4/XPOT/HSP90AB1/MCM6/CBX3/MRPL9/MCM2/XPO1/USP1/RRM1/NME1/KPNB1/VBP1/PPM1G/CCT4/PCNA/CCT2/CSTF2/LSM2/BUB3/SNRPD2/TYMS/PPIA/HDAC2/SRPK1/DEK/CDK4/EIF2S2/CCT5/SNRPD1/UBA2/YWHAQ/IMPDH2/MCM7/EIF4G2/PSMD14/PGK1/RAN/SSBP1/SMARCC1/PA2G4/PSMD1/COPS5/SSB/NAP1L1/MCM5/SRM/POLE3/AP3S1/SNRPA/CANX/PTGES3/RRP9/EIF3B/SNRPB2/NPM1/PWP1/SET/CCT7/CAD/PSMA6/PSMC4/XRCC6/PSMB3/GNL3/RPS10/NCBP2/HNRNPR/TCP1/PSMD8/RPS5/RPLP0/PABPC1/UBE2E1/SYNCRIP/SNRPG/NHP2/TXNL4A/RPL6/RPS3/PSMA4/NOP56/ODC1/UBE2L3/RPL14/PSMA1/TRIM28/HNRNPA3/G3BP1/FBL/HDDC2/EIF3D/ERH/APEX1/HNRNPA1/HNRNPC/CDK2/GLO1/AIMP2/DUT/RNPS1/RUVBL2/STARD7/EIF3J/RPL18/RPS2/HDGF/RACK1/SRSF1/EIF1AX/VDAC1/EIF4E/EIF2S1",NA
"HALLMARK_MITOTIC_SPINDLE","HALLMARK_MITOTIC_SPINDLE",197,0.533530889157076,2.87130767592703,1e-10,4.54545454545455e-10,1.75513271654181e-10,3367,"tags=39%, list=17%, signal=32%","CENPF/TOP2A/ANLN/NEK2/KIF4A/CDK1/ECT2/BUB1/PRC1/KIF2C/DLGAP5/KIF23/TTK/KIF15/RACGAP1/NDC80/BIRC5/KIF11/CENPE/CCNB2/NUSAP1/TPX2/AURKA/CDC27/SASS6/KIF5B/SMC4/PLK1/KIF20B/RASAL2/LMNB1/INCENP/RALBP1/DYNC1H1/ESPL1/ARHGEF11/KNTC1/BRCA2/SAC3D1/SMC3/CEP131/SPTAN1/CCDC88A/CD2AP/CKAP5/ALMS1/NF1/PIF1/ARHGAP5/CEP250/LLGL1/MAPRE1/RFC1/CDC42/LRPPRC/SOS1/KIFAP3/CTTN/TUBD1/PALLD/ABI1/KIF22/WASF2/FBXO5/ACTN4/ARFGEF1/KIF3B/SMC1A/FGD6/MARK4/ARHGEF2/TRIO/OPHN1/MARCKS/MID1IP1/ABL1",NA
"HALLMARK_XENOBIOTIC_METABOLISM","HALLMARK_XENOBIOTIC_METABOLISM",187,-0.592320586596346,-2.69311167301674,1e-10,4.54545454545455e-10,1.75513271654181e-10,3755,"tags=56%, list=19%, signal=45%","SERTAD1/BPHL/F10/PGRMC1/ACOX3/TMBIM6/FAS/UPB1/CNDP2/SERPINA6/FABP1/PAPSS2/PROS1/PTGR1/CYP27A1/AQP9/FMO3/ANGPTL3/SLC35D1/RETSAT/ECH1/ABHD6/ITIH1/FAH/POR/AOX1/PTGDS/SLC46A3/CFB/CDO1/KYNU/ACOX1/CYP2J2/PDLIM5/PLG/DDT/ARG1/VNN1/RBP4/CYB5A/PDK4/PMM1/CRP/LEAP2/PC/TNFRSF1A/ENPEP/HRG/CYFIP2/IGFBP4/SPINT2/CA2/HSD11B1/XDH/LPIN2/COMT/ACOX2/IGFBP1/FETUB/CYP2C18/DCXR/GCKR/PINK1/TKFC/SLC6A12/EPHA2/ADH1C/ITIH4/IRF8/CYP1A1/CAT/MTHFD1/CYP4F2/PTS/IGF1/GABARAPL1/CDA/HSD17B2/F11/CSAD/ETFDH/ALAS1/MBL2/CYP2E1/ETS2/ASL/ALDH2/TAT/TDO2/PEMT/ID2/NDRG2/GCH1/DHRS1/ATOH8/GNMT/FBP1/MT2A/HGFAC/SLC22A1/ESR1/LCAT/CYP26A1/CYP1A2",NA
"HALLMARK_BILE_ACID_METABOLISM","HALLMARK_BILE_ACID_METABOLISM",104,-0.586629999716023,-2.46247108811407,1e-10,4.54545454545455e-10,1.75513271654181e-10,4374,"tags=57%, list=22%, signal=44%","CYP7B1/ABCA1/DIO1/IDH2/SLC23A1/SOD1/PEX11A/ABCD3/SLCO1A2/HSD17B4/ABCA2/GC/SULT1B1/SERPINA6/ISOC1/ABCG8/NR1H4/CH25H/PHYH/CYP27A1/AQP9/LCK/HAO1/RETSAT/BMP6/PAOX/ACSL5/PECR/ABCA6/PIPOX/AR/HSD17B6/SLC27A2/RXRA/NR0B2/PXMP2/APOA1/BBOX1/MLYCD/AGXT/NR1I2/LONP2/ACSL1/RBP1/SCP2/CAT/TTR/SLC23A2/ABCA8/CYP8B1/PEX11G/SLC27A5/ALDH8A1/NR3C2/EPHX2/ABCA9/AKR1D1/CYP39A1/GNMT",NA
"HALLMARK_DNA_REPAIR","HALLMARK_DNA_REPAIR",146,0.471107022832726,2.38499619179975,1e-10,4.54545454545455e-10,1.75513271654181e-10,3601,"tags=43%, list=18%, signal=36%","RFC4/ZWINT/FEN1/ALYREF/RAD51/TAF6/NME1/PRIM1/PCNA/RALA/CANT1/TYMS/SSRP1/RFC3/GTF2H3/CETN2/POLR3C/IMPDH2/SAC3D1/POLR2G/POLD1/NELFE/RFC2/POLR2K/BCAP31/SF3A3/BOLA2/GTF2H1/TAF9/POLA2/SUPT4H1/GTF2A2/DCTN4/DAD1/DDB1/POLD3/NCBP2/SMAD5/SEC61A1/POLA1/ERCC8/POLH/RPA2/TAF13/RFC5/ERCC2/POLR2J/CLP1/RAE1/SDCBP/RNMT/TAF12/BRF2/RPA3/NUDT21/NT5C3A/RRM2B/POLR2D/STX3/TSG101/ITPA/DUT/NT5C",NA
"HALLMARK_PROTEIN_SECRETION","HALLMARK_PROTEIN_SECRETION",93,0.491669611636596,2.34561313920211,6.79366246655972e-09,2.61294710252297e-08,1.00893516817086e-08,5142,"tags=58%, list=26%, signal=43%","SCAMP3/ANP32E/YKT6/VPS45/DNM1L/CLTC/GOSR2/ARFGEF2/AP2B1/ATP1A1/COG2/GLA/ATP6V1H/ADAM10/CLTA/AP3S1/PPT1/STAM/AP3B1/ARF1/VAMP4/COPB1/VAMP7/MAPK1/CD63/RPS6KA3/TMX1/RAB22A/COPE/ARFGEF1/COPB2/TPD52/ZW10/TSG101/M6PR/AP2M1/SNAP23/RAB2A/YIPF6/ARCN1/ERGIC3/LAMP2/BET1/RAB5A/SCAMP1/NAPG/IGF2R/OCRL/STX7/ATP7A/TSPAN8/RAB9A/TMED2/ARFGAP3",0.761460801445585
"HALLMARK_COAGULATION","HALLMARK_COAGULATION",125,-0.526251049354141,-2.27723700791007,1.8040482103283e-10,7.51686754303458e-10,2.90248203315207e-10,4359,"tags=54%, list=22%, signal=43%","APOC2/MAFF/CRIP2/F3/F2RL2/PLEK/SERPINE1/THBS1/C8G/F13B/APOC1/THBD/CFH/F10/GP1BA/SERPINC1/DUSP6/CASP9/CPB2/HMGCS2/PROS1/BMP1/F2/FURIN/CLU/CTSO/FYN/GDA/TF/F8/CAPN5/C1QA/SERPINA1/ITIH1/PROC/CFB/FGG/APOC3/TFPI2/PLG/DCT/C3/FGA/RGN/C8B/CFI/HPN/HRG/TMPRSS6/MASP2/CPN1/APOA1/CFD/F12/F9/ACOX2/C1S/SERPING1/A2M/C8A/MST1/ANG/F11/MBL2/KLKB1/PROZ/C1R/C9",0.826657301178302
"HALLMARK_MTORC1_SIGNALING","HALLMARK_MTORC1_SIGNALING",195,0.428936349446967,2.26549018785688,1e-10,4.54545454545455e-10,1.75513271654181e-10,4332,"tags=49%, list=22%, signal=38%","BUB1/RRM2/ACLY/SLC7A11/STIP1/CCT6A/CCNF/CACYBP/MCM4/STC1/AURKA/YKT6/SQLE/TUBG1/TXNRD1/PSME3/MCM2/NUP205/GMPS/PLK1/CDC25A/ABCF2/PSPH/SLC1A4/PNO1/PPIA/BCAT1/RIT1/HSPA4/EIF2S2/G6PD/SSR1/PSMD14/PGK1/EEF1E1/TOMM40/GLA/COPS5/ALDOA/ENO1/GTF2H1/PDAP1/ACACA/CANX/RRP9/UCHL5/TCEA1/CALR/ERO1A/PSMC2/PSMC4/ACTR2/TFRC/ELOVL5/HSPA5/ATP6V1D/RAB1A/SQSTM1/PSMB5/PSMA4/DDX39A/SERPINH1/GAPDH/NUPR1/SDF2L1/RPN1/IMMT/VLDLR/FADS1/TES/PIK3R3/PSMD13/SKAP2/UNG/PDK1/MLLT11/SEC11A/ATP2A2/SLC2A1/GPI/M6PR/ACSL3/ARPC5L/EGLN3/RPA1/ACTR3/POLR3G/TPI1/HMBS/TMEM97/TBK1/CYP51A1/PLOD2/PSMG1/GSK3B",NA
"HALLMARK_FATTY_ACID_METABOLISM","HALLMARK_FATTY_ACID_METABOLISM",146,-0.509739007850604,-2.23805732744471,1e-10,4.54545454545455e-10,1.75513271654181e-10,3485,"tags=42%, list=18%, signal=35%","UBE2L6/CPOX/ECI1/HPGD/FABP1/HMGCS2/HADH/HSD17B10/ALAD/NTHL1/ACADM/MCEE/RETSAT/ECH1/PPARA/CRAT/ACSL5/DECR1/EHHADH/MGLL/CPT2/ACOX1/D2HGDH/ACOT2/SDHA/SUCLG2/SDHD/VNN1/REEP6/CPT1A/CA2/HMGCL/ACAA2/MLYCD/BMPR1B/ACSL1/ADH1C/ECHS1/CYP1A1/ACADL/PTS/GABARAPL1/GRHPR/BCKDHB/ETFDH/CYP4A11/ENO3/CYP4A22/AQP7/GPD1/ACADVL/ACSM3/RDH16/ACAA1/ACADS/TDO2/INMT/GCDH/CD1D/AADAT/GSTZ1/HAO2",NA
"HALLMARK_TNFA_SIGNALING_VIA_NFKB","HALLMARK_TNFA_SIGNALING_VIA_NFKB",187,-0.487419770560244,-2.21615777580511,1e-10,4.54545454545455e-10,1.75513271654181e-10,4534,"tags=44%, list=23%, signal=35%","TIPARP/MCL1/TLR2/PNRC1/MAFF/ABCA1/PFKFB3/GEM/F3/SGK1/TNFAIP2/CD80/PLEK/CCNL1/SERPINE1/IRF1/GFPT2/IFIH1/BCL3/IL6ST/NFE2L2/REL/SOCS3/PPP1R15A/HES1/CFLAR/KLF4/PTGS2/CCL2/DUSP5/CCL5/ZC3H12A/SDC4/ATF3/NFIL3/IL7R/CEBPB/EGR2/TNF/KLF9/CCND1/KLF6/NR4A3/CEBPD/IRS2/KYNU/CD69/PHLDA1/PDLIM5/IFIT2/KLF2/SAT1/EGR3/NR4A2/JUN/CCL4/NFKBIA/KDM6B/JUNB/DUSP2/SERPINB8/MAP2K3/NR4A1/LDLR/SIK1/GADD45A/PLPP3/CXCL6/CXCL2/RHOB/IER2/ZFP36/EGR1/TRIB1/ETS2/PER1/GADD45B/FOSB/RCAN1/FOS/ID2/DUSP1/GCH1",NA
"HALLMARK_UNFOLDED_PROTEIN_RESPONSE","HALLMARK_UNFOLDED_PROTEIN_RESPONSE",108,0.453656263684929,2.17955098866858,3.92591639909437e-08,1.40211299967656e-07,5.413967675646e-08,4396,"tags=48%, list=22%, signal=38%","STC2/XPOT/KIF5B/YWHAZ/SLC1A4/GOSR2/SHC1/DKC1/CKS1B/SSR1/DCTN1/FKBP14/CNOT6/EIF4A3/NFYA/ALDH18A1/EXOC2/RRP9/NPM1/PDIA6/HYOU1/LSM4/CALR/ERO1A/SDAD1/HSPA5/POP4/TUBB2A/PAIP1/WFS1/NHP2/SRPRB/NOP56/EIF4EBP1/LSM1/KDELR3/CEBPG/EXOSC9/SEC11A/BANF1/EXOSC10/DCP2/DDX10/SLC30A5/EXOSC4/SPCS1/KHSRP/CNOT4/BAG3/EIF4E/EIF2S1/EXOSC5",0.719512826338911
"HALLMARK_MYC_TARGETS_V2","HALLMARK_MYC_TARGETS_V2",57,0.50600060506289,2.151738670083,8.24568471877466e-06,2.57677647461708e-05,9.94968632639456e-06,4598,"tags=51%, list=23%, signal=39%","MCM4/PLK4/CBX3/PLK1/UTP20/CDK4/PRMT3/PA2G4/MCM5/SRM/DCTPP1/RRP9/NPM1/BYSL/GNL3/PES1/WDR43/NOP56/LAS1L/TCOF1/IPO4/UNG/AIMP2/NOP2/GRWD1/TBRG4/TMEM97/EXOSC5/PUS1",0.593325476396405
"HALLMARK_INTERFERON_GAMMA_RESPONSE","HALLMARK_INTERFERON_GAMMA_RESPONSE",191,-0.47435640128556,-2.14654073287393,1e-10,4.54545454545455e-10,1.75513271654181e-10,6351,"tags=57%, list=32%, signal=39%","HLA-B/CD74/IL15RA/STAT1/CXCL10/NLRC5/JAK2/MX2/CDKN1A/BTG1/TXNIP/B2M/CIITA/ST8SIA4/PDE4B/CD86/PNP/NAMPT/PTPN6/IFITM2/ISG15/DDX60/TRIM14/CXCL9/HLA-DQA1/CD40/CSF2RB/CASP1/ST3GAL5/PSMB10/HLA-DRB1/PLA2G4A/GBP4/GZMA/TNFAIP2/CD274/MX1/SP110/IRF1/EIF4E3/GPR18/LATS2/IFIH1/IFI44/CFH/STAT3/CMKLR1/AUTS2/OGFR/UBE2L6/PLSCR1/HELZ2/FAS/SOCS3/BST2/BATF2/CASP4/EPSTI1/IRF2/ISOC1/OAS2/IFI44L/SLC25A28/BANK1/PTGS2/CCL2/FGL2/TNFSF10/IFIT3/SLAMF7/CCL5/STAT2/FPR1/LCP2/ZBP1/CD38/IRF9/DHX58/LAP3/ISG20/IL10RA/APOL6/MYD88/IRF7/CFB/IL2RB/RSAD2/CD69/HERC6/IFIT2/CMPK2/USP18/XAF1/NFKBIA/IFIT1/IL4R/KLRK1/STAT4/IRF4/OASL/C1S/SERPING1/IRF8/SELP/GCH1/LY6E/C1R/MT2A",NA
"HALLMARK_INFLAMMATORY_RESPONSE","HALLMARK_INFLAMMATORY_RESPONSE",173,-0.445867336151541,-1.99515247703954,5.49556110314766e-08,1.83185370104922e-07,7.07332199778532e-08,5497,"tags=47%, list=28%, signal=34%","MSR1/SELE/PDE4B/NAMPT/C5AR1/BTG2/PTGER4/CYBB/SELL/CXCL9/IL18/IFNAR1/CD40/RNF144B/TLR2/GPR132/ABCA1/CD48/CX3CL1/F3/TPBG/HAS2/SLC31A1/APLNR/SLAMF1/SERPINE1/IRF1/SLC31A2/CMKLR1/SEMA4D/TLR3/GP1BA/LPAR1/BST2/CCL22/CD82/CCL2/PCDH7/TNFSF10/CCL5/PIK3R5/FPR1/NLRP3/LCP2/ITGB8/AQP9/LCK/IL7R/GABBR1/EBI3/IL10RA/KLF6/TNFRSF1B/IRF7/SLC4A4/IL2RB/CD69/NFKBIA/IFITM1/KCNA3/IL4R/HPN/SCARF1/PTGER2/IL18RAP/SLC1A2/MEFV/CSF3R/CCR7/SLC7A2/LDLR/STAB1/AXL/IL18R1/PTGIR/CXCL6/NMUR1/ADGRE1/CD14/GCH1/LY6E/MARCO",0.719512826338911
"HALLMARK_SPERMATOGENESIS","HALLMARK_SPERMATOGENESIS",76,0.433119555291906,1.96798294507932,2.91221990207396e-05,8.08949972798322e-05,3.12359203926867e-05,1730,"tags=30%, list=9%, signal=28%","NEK2/CDK1/BUB1/KIF2C/CDKN3/TTK/NCAPH/CCNB2/RFC4/EZH2/AURKA/TOPBP1/DBF4/AGFG1/IP6K1/CLGN/SLC2A5/COIL/PRKAR2A/ARL4A/GMCL1/PARP2/TSN",0.575610261071129
"HALLMARK_KRAS_SIGNALING_DN","HALLMARK_KRAS_SIGNALING_DN",101,-0.461867967277879,-1.93868241826077,1.38992570328693e-05,4.08801677437333e-05,1.57850263702436e-05,4602,"tags=47%, list=23%, signal=36%","THNSL2/TENM2/PDCD1/SGK1/MX1/EDAR/FGFR3/CD80/CLSTN3/SYNPO/SLC38A3/P2RX6/KCNMB1/IGFBP2/EFHD1/GP1BA/ITIH3/PDK2/RYR1/SELENOP/IFI44L/SIDT1/SERPINA10/ABCB11/PRODH/C5/GPRC5C/MTHFR/SPHK2/CCDC106/FGGY/RSAD2/NR4A2/ZBTB16/GAMT/GDNF/MEFV/RGS11/BMPR1B/MYO15A/SPTBN2/CNTFR/ARPP21/ZC2HC1C/NTF3/CPEB3/CYP39A1",0.593325476396405
"HALLMARK_INTERFERON_ALPHA_RESPONSE","HALLMARK_INTERFERON_ALPHA_RESPONSE",95,-0.457477764983927,-1.89027513118091,4.94466805469523e-05,0.000130122843544611,5.02442291724117e-05,7421,"tags=63%, list=38%, signal=40%","TRIM25/PSME2/SAMD9L/LGALS3BP/GMPR/SAMD9/TRIM21/IFITM3/IL15/IL7/PARP14/CD74/CXCL10/ELF1/TXNIP/B2M/IFITM2/HLA-C/ISG15/DDX60/TRIM14/SELL/CASP1/GBP4/UBA7/MX1/SP110/IRF1/IFIH1/IFI44/OGFR/UBE2L6/PLSCR1/HELZ2/BST2/BATF2/EPSTI1/IRF2/TRIM5/IFI44L/SLC25A28/OAS1/IFIT3/STAT2/IRF9/DHX58/LAP3/ISG20/IRF7/RSAD2/PARP9/HERC6/IFIT2/CMPK2/USP18/IFITM1/IL4R/OASL/C1S/LY6E",0.557332238758646
"HALLMARK_IL6_JAK_STAT3_SIGNALING","HALLMARK_IL6_JAK_STAT3_SIGNALING",79,-0.42559284876178,-1.70285735324314,0.00144926172198352,0.00329377664087164,0.0012718233315425,6850,"tags=58%, list=35%, signal=38%","IL13RA1/CSF2RA/INHBE/IL7/IL1R1/IL15RA/IL1B/STAT1/CXCL10/CXCL13/LTB/IL2RG/CXCL1/CXCL9/IFNAR1/CSF2RB/HMOX1/TLR2/LTBR/PDGFC/ITGA4/IRF1/IL6ST/STAT3/FAS/SOCS3/CCR1/IL12RB1/PIK3R5/STAT2/LEPR/CD38/IRF9/EBI3/TNF/TNFRSF1B/MYD88/JUN/IL4R/TNFRSF1A/CSF3R/PLA2G2A/IL18R1/A2M/CNTFR/CD14",0.45505986738723
"HALLMARK_COMPLEMENT","HALLMARK_COMPLEMENT",182,-0.35871133579853,-1.62605607501682,0.00055559698218704,0.0013889924554676,0.000536330542356604,4977,"tags=40%, list=25%, signal=30%","SPOCK2/MMP15/LRP1/MSRB1/DGKG/CASP1/APOBEC3F/PLA2G4A/GZMA/MAFF/F3/DOCK10/PLEK/SERPINE1/IRF1/GNGT2/ZFPM2/APOC1/CFH/F10/WAS/PLSCR1/GP1BA/SERPINC1/DUSP6/LTF/CASP4/CASP9/IRF2/L3MBTL4/DUSP5/F2/CCL5/PCLO/PIK3R5/CLU/F7/CTSO/FYN/GZMK/LCP2/C4BPB/F8/LCK/CEBPB/LAP3/C1QA/SERPINA1/C1QC/GATA3/ITIH1/IRF7/CFB/KYNU/TFPI2/PLG/C3/APOA4/TMPRSS6/USP15/FCN1/CP/CA2/C1S/SERPING1/CR1/CDA/ANG/KLKB1/C1R/C9/ADRA2B",0.477270815362862
"HALLMARK_ALLOGRAFT_REJECTION","HALLMARK_ALLOGRAFT_REJECTION",174,-0.353428284670549,-1.5881298453957,0.000976652165874517,0.00232536229970123,0.000897890279004077,6179,"tags=52%, list=31%, signal=36%","IL1B/STAT1/HLA-DRA/LY86/CXCL13/JAK2/SIT1/CSK/CD7/CCR2/LTB/IL2RG/ITGB2/B2M/NCF4/C2/ST8SIA4/CCR5/CD3D/CD86/PTPN6/HLA-DOA/HDAC9/IGSF6/ETS1/CXCL9/IL18/HLA-DQA1/CD40/CD3G/PSMB10/TLR2/GZMA/SRGN/CD80/SPI1/CD2/BCL3/WAS/EGFR/IL16/TLR3/CD8B/FAS/FASLG/HLA-E/CRTAM/CCL22/GPR65/CCR1/CD96/CD8A/ITGAL/CD3E/CCL2/IL12RB1/FGR/TRAT1/F2/CCL5/PTPRC/NLRP3/LCP2/LCK/MAP4K1/TNF/ITK/HCLS1/AKT1/PRKCB/IRF7/IL2RB/CD79A/PRF1/CD247/CCL4/NCR1/IL4R/ZAP70/STAT4/IL18RAP/IRF4/STAB1/IRF8/CD4/FCGR2B/KLRD1/MBL2/CCL19/CD1D/CFP",0.45505986738723
"HALLMARK_PI3K_AKT_MTOR_SIGNALING","HALLMARK_PI3K_AKT_MTOR_SIGNALING",96,0.331732514487881,1.57053308783972,0.00194544892945834,0.00405301860303821,0.00156498882120789,3798,"tags=43%, list=19%, signal=35%","CDK1/E2F1/CLTC/CDK4/RIT1/CFL1/RAC1/SMAD2/PRKAR2A/ACACA/UBE2N/ARPC3/CALR/PRKAG1/YWHAB/ARF1/ACTR2/GRB2/MAPK1/HRAS/MAP3K7/RPS6KA3/PLCB1/SQSTM1/THEM4/MAPKAP1/CAB39/PLCG1/TRAF2/PIK3R3/PRKAA2/CSNK2B/PPP1CA/PDK1/SLC2A1/CDK2/ATF1/AP2M1/RPTOR/ACTR3/PTPN11",0.45505986738723
"HALLMARK_HYPOXIA","HALLMARK_HYPOXIA",175,-0.341755059525871,-1.54485166474438,0.00153961705372581,0.00334699359505611,0.00129237195136255,4843,"tags=36%, list=25%, signal=27%","TPST2/MXI1/ETS1/GPC1/TGM2/TIPARP/HMOX1/PNRC1/CXCR4/MAFF/PFKFB3/F3/TPBG/STBD1/P4HA1/SERPINE1/PFKL/GLRX/PPP1R3C/EGFR/EXT1/PPP1R15A/LARGE1/PYGM/CDKN1C/SDC4/ATF3/CITED2/NFIL3/ISG20/KLF6/SELENBP1/IRS2/PLIN2/SLC37A4/JUN/SDC3/RORA/TMEM45A/BGN/CP/UGP2/ILVBL/IGFBP1/PPARGC1A/ALDOB/GRHPR/ANGPTL4/ERRFI1/NOCT/PGM1/ZFP36/ENO3/PCK1/SRPX/IGFBP3/DCN/FOS/DUSP1/MT1E/PLAC8/FBP1/MT2A",0.45505986738723
"HALLMARK_ESTROGEN_RESPONSE_EARLY","HALLMARK_ESTROGEN_RESPONSE_EARLY",178,-0.335532620561269,-1.52210927321581,0.00253440127881994,0.00506880255763988,0.001957212664573,4694,"tags=35%, list=24%, signal=27%","FHL2/KRT8/MREG/TGM2/TIPARP/TOB1/MLPH/IGF1R/FARP1/TPD52L1/SH3BP5/CISH/TPBG/PEX11A/GFRA1/PPIF/ASB13/ENDOD1/IL6ST/AFF1/MAST4/THSD4/BCL11B/DHRS3/HES1/OLFM1/SLC24A3/KLF4/NAV2/PAPSS2/RET/PGR/DLC1/CCND1/KCNK5/KDM4B/SYBU/AR/EGR3/TSKU/SCNN1A/TJP3/ABHD2/IGFBP4/SLC27A2/SEC14L2/FCMR/SLC7A2/ABAT/RAB17/SLC1A1/OLFML3/ESRP2/TIAM1/CBFA2T3/KRT19/AQP3/FOS/CXCL12/NPY1R/KAZN/ADCY1",0.431707695803346
"HALLMARK_KRAS_SIGNALING_UP","HALLMARK_KRAS_SIGNALING_UP",177,-0.327988469439754,-1.470107415923,0.00317333974245363,0.00610257642779545,0.00235638293959654,5780,"tags=44%, list=29%, signal=31%","TMEM176A/C3AR1/TLR8/ALDH1A2/GYPC/IL2RG/ITGB2/USP12/PRDM1/MAFB/TSPAN1/SPON1/ITGBL1/CLEC4A/HDAC9/TMEM176B/CAB39L/ADGRA2/ETS1/SLPI/CXCR4/MAP7/CD37/EPB41L3/SCG5/PLEK2/GFPT2/USH1C/GLRX/PIGR/ALDH1A3/CFH/CMKLR1/ST6GAL1/PDCD1LG2/DUSP6/TSPAN7/DOCK2/PPP1R15A/GALNT3/KLF4/PTGS2/TFPI/NR1H4/IKZF1/CDADC1/IL33/IL7R/SATB1/FLT4/MAP4K1/RELN/IL10RA/SERPINA3/TNFRSF1B/DNMBP/CFB/CBR4/ENG/AKT2/SPRY2/ARG1/RBP4/TMEM100/NR0B2/CA2/HSD11B1/PEG3/ANO1/IRF8/ANGPTL4/ANXA10/TRIB1/GADD45G/IGFBP3/ID2/IGF2",0.431707695803346
"HALLMARK_ADIPOGENESIS","HALLMARK_ADIPOGENESIS",185,-0.321746051462646,-1.45577015007196,0.00628902717996929,0.0116463466295728,0.00449699447950491,2892,"tags=26%, list=15%, signal=22%","HADH/DBT/ITIH5/ITSN1/PHYH/COQ9/MCCC1/UCK1/CMBL/ACADM/CD302/RETSAT/STOM/ECH1/CRAT/ARAF/DECR1/ORM1/FAH/ETFB/POR/MYLK/MGLL/CPT2/SORBS1/ACOX1/PLIN2/BCKDHA/DDT/C3/REEP6/QDPR/ACAA2/PEX14/GADD45A/ECHS1/SCP2/ACADL/CAT/ANGPTL4/GPHN/PGM1/SULT1A1/EPHX2/ALDH2/ACADS/PEMT/LIFR",0.407017918923954
"HALLMARK_IL2_STAT5_SIGNALING","HALLMARK_IL2_STAT5_SIGNALING",188,-0.311378918816468,-1.42883957002099,0.0138697181939151,0.0231161969898585,0.00892583859616371,5694,"tags=40%, list=29%, signal=29%","ICOS/LTB/GSTO1/IKZF2/CD83/AGER/PLAGL1/CD86/PNP/SMPDL3A/SNX9/SELL/GALM/PTCH1/TGM2/GPX4/CD79B/GBP4/IGF1R/MAFF/CD48/ENPP1/FLT3LG/CISH/F2RL2/SHE/P4HA1/ETFBKMT/BATF3/PRKCH/COL6A1/PLSCR1/SERPINC1/DHRS3/GPR65/DCPS/ITIH5/CDKN1C/TNFSF11/FGL2/TNFSF10/NFKBIZ/FURIN/RHOH/NFIL3/CST7/SCN9A/IL10RA/KLF6/FAH/TNFRSF1B/TTC39B/IL2RB/PHLDA1/PLIN2/EOMES/CD81/RORA/IL4R/PTGER2/CAPN3/CA2/IRF4/IL18R1/IL1RL1/IRF8/SELP/TIAM1/GABARAPL1/RHOB/SOCS2/ENO3/GADD45B/ECM1/PTH1R",0.380730400722792
"HALLMARK_MYOGENESIS","HALLMARK_MYOGENESIS",151,-0.320391758796619,-1.41177430283471,0.0100550266398558,0.0173362528273375,0.00669403339429012,3091,"tags=25%, list=16%, signal=21%","RYR1/LARGE1/PYGM/PLXNB2/NAV2/CHRNB1/SGCD/CLU/MAPRE3/MYOM1/CRAT/CACNA1H/MYLK/FST/SORBS1/AKT2/SORBS3/AGL/FHL1/LAMA2/PC/EFS/CFD/DMD/SGCA/ACSL1/PTGIS/IGF1/FXYD1/ENO3/NCAM1/GADD45B/IGFBP3/GNAO1/MYOM2/CAMK2B/VIPR1",0.380730400722792
"HALLMARK_ESTROGEN_RESPONSE_LATE","HALLMARK_ESTROGEN_RESPONSE_LATE",168,-0.304387410674592,-1.35399329586962,0.0223936343141362,0.0361187650228003,0.0139465097579726,4372,"tags=34%, list=22%, signal=27%","FARP1/TPD52L1/IDH2/CISH/SGK1/TPBG/LAMC2/FGFR3/PPIF/IL6ST/AFF1/LSR/RABEP1/LTF/TST/HOMER2/OLFM1/SLC24A3/LARGE1/KLF4/HMGCS2/PAPSS2/SERPINA5/RET/PGR/CDH1/SORD/ISG20/SERPINA1/CCND1/SERPINA3/KCNK5/ETFB/TFPI2/EGR3/DUSP2/SCNN1A/TJP3/ABHD2/IGFBP4/SLC27A2/PLXNB1/NAB2/CA2/PRKAR2B/ACOX2/DNAJC12/DCXR/TIAM1/KRT19/ZFP36/ASS1/FOS/CXCL12/ID2/NPY1R/CXCL14",0.352487857583619
"HALLMARK_GLYCOLYSIS","HALLMARK_GLYCOLYSIS",183,0.255884602839454,1.34438733358723,0.00861494032084678,0.0153838220015121,0.00594014284606812,2006,"tags=20%, list=10%, signal=18%","KIF20A/DEPDC1/CDK1/STMN1/HMMR/STC2/STC1/AURKA/P4HA2/RRAGD/GPC3/PYGB/KIF2A/GNPDA1/NANP/PPIA/EFNA3/G6PD/PGK1/COG2/SRD5A3/HAX1/ALDOA/ENO1/CLN6/ARPP19/HS2ST1/XYLT2/RPE/ERO1A/ALG1/PKM/PSMC4/MED24/GFPT1/PAXIP1/HSPA5",0.380730400722792
