"Cluster","category","subcategory","ID","Description","GeneRatio","BgRatio","RichFactor","FoldEnrichment","oddsRatio","zScore","pvalue","p.adjust","qvalue","geneID","Count"
"Up in tumour","Human Diseases","Immune disease","hsa05322","Systemic lupus erythematosus","42/275","106/6658",0.39622641509434,9.59300171526587,17.7976126609442,18.5099007432203,2.11474116648834e-31,4.94849432958271e-29,4.94849432958271e-29,"H2AC13/H3C10/H3C15/H3C14/H2BC14/H2AC16/H2AC7/H2BC7/H4C4/H3C13/H2BC10/H2BC3/H3C1/H4C14/H4C9/H2BC5/H2AX/H2AC12/H2AC21/H2BC8/H2BC17/H4C1/H2BC12/H4C8/H2BC18/H3C7/H2AC8/H3C11/H2AC4/H3C8/H2BC21/H2AC11/H2AC14/H2BC11/H4C11/H2AC15/H4C15/H2BC15/H2BC9/H2AZ1/H2AC17/H2BC13",42
"Up in tumour","Cellular Processes","Cell growth and death","hsa04110","Cell cycle","44/275","151/6658",0.291390728476821,7.05483443708609,11.1722296395194,15.6204501703888,2.41161172264466e-26,2.82158571549425e-24,2.82158571549425e-24,"MCM6/CDKN2C/CHEK1/PLK1/CDC7/ORC1/TICRR/MTBP/PRKDC/BUB1/CDC6/PTTG1/E2F1/CCNE2/MCM4/ORC6/CDCA5/AURKB/TRIP13/CCNB2/TTK/DBF4/NDC80/CDC20/CCNE1/PKMYT1/BUB1B/E2F2/E2F3/KNL1/MCM2/CDC45/CCNB1/CDC25A/CDKN2B/CDKN2A/MCM3/CDK1/ESPL1/CDT1/SGO1/ESCO2/MAD2L1/CCNA2",44
"Up in tumour","Human Diseases","Substance dependence","hsa05034","Alcoholism","43/275","145/6658",0.296551724137931,7.1797868338558,11.4132437457742,15.6156533636751,4.23811095874797e-26,3.30572654782342e-24,3.30572654782342e-24,"H2AC13/H3C10/H3C15/H3C14/H2BC14/H2AC16/H2AC7/HDAC11/H2BC7/H4C4/H3C13/H2BC10/H2BC3/H3C1/H4C14/H4C9/H2BC5/H2AX/H2AC12/H2AC21/H2BC8/H2BC17/H4C1/H2BC12/H4C8/H2BC18/H3C7/H2AC8/H3C11/H2AC4/H3C8/H2BC21/H2AC11/H2AC14/H2BC11/H4C11/H2AC15/H4C15/H2BC15/H2BC9/H2AZ1/H2AC17/H2BC13",43
"Up in tumour","Organismal Systems","Immune system","hsa04613","Neutrophil extracellular trap formation","43/275","156/6658",0.275641025641026,6.67351981351981,10.2841776014648,14.8827982882942,1.14896018115185e-24,6.7214170597383e-23,6.7214170597383e-23,"H2AC13/H3C10/H3C15/H3C14/H2BC14/H2AC16/H2AC7/HDAC11/H2BC7/H4C4/H3C13/H2BC10/H2BC3/H3C1/H4C14/H4C9/H2BC5/H2AX/H2AC12/H2AC21/H2BC8/H2BC17/H4C1/H2BC12/H4C8/H2BC18/H3C7/H2AC8/H3C11/H2AC4/H3C8/H2BC21/H2AC11/H2AC14/H2BC11/H4C11/H2AC15/H4C15/H2BC15/H2BC9/H2AZ1/H2AC17/H2BC13",43
"Up in tumour","Genetic Information Processing","Replication and repair","hsa03440","Homologous recombination","32/275","125/6658",0.256,6.19799272727273,8.90658878711447,12.1766422911486,1.77939232796662e-17,8.32755609488376e-16,8.32755609488376e-16,"MCM6/EXO1/BARD1/H2AC13/CHEK1/H2AC16/H2AC7/H1-2/RECQL4/H2AX/H2AC12/XRCC2/H2AC21/BRCA1/MCM4/BLM/H2AC8/EME1/H2AC4/MCM2/H2AC11/H2AC14/H2AC15/H2AZ1/RAD51/MCM3/CDK1/FIGNL1/H2AC17/RAD54L/RMI2/H1-5",32
"Up in tumour","Human Diseases","Cancer: overview","hsa05203","Viral carcinogenesis","31/275","184/6658",0.168478260869565,4.07901185770751,5.1733097610629,8.79077427453016,1.14899918701074e-11,4.48109682934187e-10,4.48109682934187e-10,"CHEK1/H2BC14/HDAC11/H2BC7/H4C4/H2BC10/H2BC3/H4C14/H4C9/H2BC5/CCNE2/H2BC8/H2BC17/H4C1/H2BC12/H4C8/H2BC18/CDC20/CCNE1/H2BC21/H2BC11/H4C11/H4C15/H2BC15/H2BC9/CDKN2B/CDKN2A/PKM/CDK1/H2BC13/CCNA2",31
"Up in tumour","Human Diseases","Cancer: specific types","hsa05222","Small cell lung cancer","14/275","87/6658",0.160919540229885,3.89600835945664,4.63654017739988,5.64334897373507,1.08318350881415e-05,0.000362092772946444,0.000362092772946444,"LAMA3/COL4A1/CKS2/ITGA6/E2F1/CCNE2/LAMA4/LAMC1/COL4A2/CCNE1/ITGA2/E2F2/E2F3/CDKN2B",14
"Up in tumour","Cellular Processes","Cell motility","hsa04814","Motor proteins","18/275","146/6658",0.123287671232877,2.98490660024907,3.42260457198444,5.03329645990615,2.81543119986224e-05,0.000823513625959704,0.000823513625959704,"KIF23/KIF15/TUBG1/KIF2C/ACTG2/KIF18B/DYNC1I1/CENPE/KIF20A/KIFC1/KIF11/TUBA1B/KIF14/KIF18A/KIF4A/TUBA1C/TUBB2B/TUBB3",18
"Up in tumour","Cellular Processes","Cell growth and death","hsa04114","Oocyte meiosis","15/275","116/6658",0.129310344827586,3.1307210031348,3.58834729626809,4.80500135815804,7.59840417887228e-05,0.00197440491799838,0.00197440491799838,"PLK1/AURKA/BUB1/PTTG1/CCNE2/CCNB2/FBXO43/CDC20/CCNE1/PKMYT1/CCNB1/CDK1/ESPL1/SGO1/MAD2L1",15
"Up in tumour","Genetic Information Processing","Replication and repair","hsa03030","DNA replication","8/275","36/6658",0.222222222222222,5.38020202020202,6.80042803638309,5.4694544078648,8.43762785469393e-05,0.00197440491799838,0.00197440491799838,"MCM6/RFC4/FEN1/MCM4/RNASEH2A/POLE2/MCM2/MCM3",8
"Up in tumour","Cellular Processes","Cell growth and death","hsa04115","p53 signaling pathway","11/275","71/6658",0.154929577464789,3.75098591549296,4.39097222222222,4.83689781711912,0.000137397924156464,0.00289463864211317,0.00289463864211317,"CHEK1/RRM2/CCNE2/CCNB2/CCNE1/GTSE1/TP73/CCNB1/CDKN2A/CDK1/TP53I3",11
"Up in tumour","Human Diseases","Cancer: overview","hsa05206","MicroRNAs in cancer","17/275","151/6658",0.112582781456954,2.72573148705599,3.07280458174245,4.45209575606531,0.000148443007287855,0.00289463864211317,0.00289463864211317,"KIF23/EZH2/EFNA3/NOTCH3/E2F1/CCNE2/BRCA1/SOX4/CDCA5/PLAU/CCNE1/EFNA4/E2F2/E2F3/CDC25A/STMN1/CDKN2A",17
"Up in tumour","Genetic Information Processing","Replication and repair","hsa03460","Fanconi anemia pathway","9/275","52/6658",0.173076923076923,4.19034965034965,4.98863437663927,4.79362297324179,0.000236471779681457,0.00425649203426623,0.00425649203426623,"UBE2T/BRCA1/FANCB/BLM/EME1/FANCI/RAD51/FANCD2/RMI2",9
"Up in tumour","Cellular Processes","Cell growth and death","hsa04218","Cellular senescence","16/275","147/6658",0.108843537414966,2.6352009894867,2.94827433758731,4.16101387662289,0.00034262222442956,0.00572668575117979,0.00572668575117979,"CHEK1/FOXM1/E2F1/CCNE2/MYBL2/CCNB2/CCNE1/E2F2/E2F3/CCNB1/CDC25A/LIN9/CDKN2B/CDKN2A/CDK1/CCNA2",16
"Up in tumour","Genetic Information Processing","Chromosome","hsa03082","ATP-dependent chromatin remodeling","13/275","107/6658",0.121495327102804,2.94151231945624,3.31967679064479,4.20214895491026,0.00042623088496102,0.00664920180539191,0.00664920180539191,"H2AC13/H2AC16/H2AC7/H2AX/H2AC12/H2AC21/H2AC8/H2AC4/H2AC11/H2AC14/H2AC15/H2AZ1/H2AC17",13
"Up in tumour","Environmental Information Processing","Signaling molecules and interaction","hsa04512","ECM-receptor interaction","10/275","73/6658",0.136986301369863,3.31656288916563,3.78556454028152,4.13067321339132,0.0007608116420634,0.0111268702651772,0.0111268702651772,"HMMR/LAMA3/THBS4/COL4A1/ITGA6/LAMA4/LAMC1/COL4A2/ITGA2/SPP1",10
"Up in tumour","Cellular Processes","Cell growth and death","hsa04217","Necroptosis","13/275","128/6658",0.1015625,2.45892045454545,2.70441420511118,3.45918039293258,0.00229847944845583,0.0316378935846273,0.0316378935846273,"H2AC13/H2AC16/H2AC7/H2AX/H2AC12/H2AC21/H2AC8/H2AC4/H2AC11/H2AC14/H2AC15/H2AZ1/H2AC17",13
"Down in tumour","Organismal Systems","Immune system","hsa04610","Complement and coagulation cascades","49/972","83/6658",0.590361445783133,4.04385443006594,8.82505895099101,11.5367645586297,5.75067613578178e-21,1.95522988616581e-18,1.95522988616581e-18,"FGG/CFB/F7/C4BPB/CFHR3/VSIG4/F10/C1QC/C9/F2/C1QB/A2M/C6/C3/CFHR4/PLG/CFD/KLKB1/VTN/FGA/C7/MASP1/MBL2/CFI/PROC/KNG1/SERPINF2/C4A/SERPINC1/F11/C8A/F13B/CPB2/C1S/CR1/CLU/C1QA/C1R/F12/C4BPA/C5/MASP2/SERPINA1/FGB/C8B/SERPING1/F9/C8G/SERPINA5",49
"Down in tumour","Human Diseases","Cancer: overview","hsa05204","Chemical carcinogenesis - DNA adducts","33/972","55/6658",0.6,4.10987654320988,9.04792332268371,9.57464825029382,8.29382831135108e-15,1.40995081292968e-12,1.40995081292968e-12,"CYP3A7/CYP1A1/CYP2C19/CYP2C18/UGT2B10/CYP2A6/CYP3A7-CYP3A51P/UGT2B15/CYP2A7/NAT1/GSTM1/PTGS2/GSTM2/CYP1A2/CYP3A43/UGT2B7/UGT1A9/CYP3A5/GSTA1/UGT1A1/SULT1A2/CYP2E1/HSD11B1/CYP2C9/SULT1A1/CYP2C8/GSTT2B/CYP3A4/CYP2A13/GSTA2/NAT2/SULT2A1/UGT1A4",33
"Down in tumour","Organismal Systems","Digestive system","hsa04976","Bile secretion","37/972","70/6658",0.528571428571429,3.62060552616108,6.778836493275,9.11261160959233,5.03687224076013e-14,5.70845520619481e-12,5.70845520619481e-12,"ABCG2/ATP1B2/BAAT/ABCB11/UGT2B10/UGT2B15/ADCY1/SLCO1A2/SLC10A1/LDLR/SLC5A1/KCNN2/ABCG8/SLCO1B3-SLCO1B7/CA2/ABCG5/ABCB4/SLC22A7/AQP9/SLCO1B1/FXYD2/UGT2B7/UGT1A9/UGT1A1/SLC27A5/NR1H4/SLCO1B3/SLC51A/SLC22A1/NR0B2/ADCY5/CYP3A4/SLC4A4/SULT2A1/CFTR/UGT1A4/AQP4",37
"Down in tumour","Metabolism","Metabolism of cofactors and vitamins","hsa00830","Retinol metabolism","30/972","52/6658",0.576923076923077,3.95180436847104,8.19918934568616,8.834641714158,6.03583058791836e-13,4.10436479978449e-11,4.10436479978449e-11,"ADH1A/RDH16/CYP3A7/CYP1A1/CYP2C18/UGT2B10/CYP2A6/CYP3A7-CYP3A51P/UGT2B15/CYP2A7/AOX1/CYP26A1/RDH5/ALDH1A3/CYP2B6/HSD17B6/ADH1C/CYP1A2/UGT2B7/UGT1A9/CYP3A5/UGT1A1/ADH6/ADH4/CYP2C9/CYP2C8/CYP3A4/LRAT/ADH1B/UGT1A4",30
"Down in tumour","Metabolism","Xenobiotics biodegradation and metabolism","hsa00982","Drug metabolism - cytochrome P450","30/972","52/6658",0.576923076923077,3.95180436847104,8.19918934568616,8.834641714158,6.03583058791836e-13,4.10436479978449e-11,4.10436479978449e-11,"ADH1A/CYP2C19/UGT2B10/CYP2A6/UGT2B15/CYP2A7/AOX1/CYP2D6/CYP2B6/GSTM1/ADH1C/FMO3/GSTM2/CYP1A2/UGT2B7/UGT1A9/CYP3A5/GSTA1/UGT1A1/CYP2E1/ADH6/ADH4/CYP2C9/CYP2C8/GSTT2B/CYP3A4/GSTA2/FMO2/ADH1B/UGT1A4",30
"Down in tumour","Metabolism","Xenobiotics biodegradation and metabolism","hsa00980","Metabolism of xenobiotics by cytochrome P450","31/972","56/6658",0.553571428571429,3.79185038212816,7.45976620616366,8.67395924161323,1.1332653710352e-12,6.42183710253280e-11,6.42183710253281e-11,"ADH1A/CYP1A1/UGT2B10/CYP2A6/UGT2B15/CYP2A7/CYP2D6/CYP2B6/GSTM1/ADH1C/GSTM2/CYP1A2/UGT2B7/UGT1A9/CYP3A5/GSTA1/UGT1A1/CYP2E1/HSD11B1/ADH6/ADH4/AKR7A3/CYP2C9/GSTT2B/CYP3A4/CYP2A13/GSTA2/AKR7L/SULT2A1/ADH1B/UGT1A4",31
"Down in tumour","Environmental Information Processing","Signaling molecules and interaction","hsa04080","Neuroactive ligand-receptor interaction","52/972","142/6658",0.366197183098592,2.50837535501072,3.5143961352657,7.51159294874549,4.12728130375544e-11,2.0046794903955e-09,2.0046794903955e-09,"HTR2A/P2RY13/FPR1/P2RX5/UTS2B/RXFP1/GHR/S1PR5/NMUR1/CNR2/ADRA2B/F2/EDNRB/C3/PLG/AGTR1/NTSR1/NPW/ADRA2A/GABBR1/S1PR4/P2RX1/ADRA1B/ADRA1A/SSTR1/GRIN2B/GABRP/KNG1/GRIA3/AVPR1A/GRM8/NPY1R/GABRB3/VIPR1/CHRNA4/ADRB2/DRD5/CHRNE/LEPR/P2RY10/GCGR/LPAR1/C5/PTH1R/PTGER2/TRPV1/TSHR/GLP2R/DRD1/TBXA2R/PTGDR/PTGIR",52
"Down in tumour","Metabolism","Lipid metabolism","hsa00140","Steroid hormone biosynthesis","26/972","50/6658",0.52,3.56189300411523,6.48396758280479,7.51761284694346,4.938302138458e-10,2.09877840884465e-08,2.09877840884465e-08,"AKR1D1/CYP3A7/CYP1A1/HSD17B3/AKR1C8/CYP11A1/UGT2B10/CYP3A7-CYP3A51P/UGT2B15/RDH5/COMT/AKR1C4/HSD17B6/CYP1A2/UGT2B7/SULT1E1/UGT1A9/CYP3A5/UGT1A1/CYP2E1/HSD17B2/HSD11B1/SRD5A2/CYP3A4/SRD5A1/UGT1A4",26
"Down in tumour","Metabolism","Amino acid metabolism","hsa00260","Glycine, serine and threonine metabolism","20/972","37/6658",0.540540540540541,3.70259148036926,7.00568462679189,6.81535456552731,2.15237331370358e-08,8.1311880739913e-07,8.1311880739913e-07,"DMGDH/CTH/DAO/BHMT/GLDC/GRHPR/ALAS1/PIPOX/PHGDH/SHMT1/LOC102724560/AGXT2/GNMT/PSAT1/GAMT/GLYCTK/CBS/SARDH/SDS/AGXT",20
"Down in tumour","Environmental Information Processing","Signaling molecules and interaction","hsa04060","Cytokine-cytokine receptor interaction","55/972","181/6658",0.303867403314917,2.08142918855012,2.6466566270274,6.09844918576119,2.96211786329309e-08,1.00712007351965e-06,1.00712007351965e-06,"IL7R/CCR7/IL18R1/LIFR/CCL3/GHR/IL10RA/CCL14/BMP6/ACVR1C/CCL2/CXCL2/CXCL14/CD4/INHBC/IL24/IL21R/IFNLR1/TNF/TNFSF11/TNFRSF13B/CCL16/GDF7/IL2RB/IL1RN/IL27/EPOR/CCL3L1/BMPR1B/IL1RL1/IL12RB1/CNTFR/CXCL12/CCL21/TSLP/IL33/BMP5/BMP10/CXCL6/GDF2/LEPR/CCL19/IL1RAP/CCL22/CCL4L2/XCR1/CSF3R/TNFRSF13C/CCL4/EBI3/CCL5/IL17RC/TNFSF14/NGFR/IL18RAP",55
"Down in tumour","Metabolism","Amino acid metabolism","hsa00380","Tryptophan metabolism","20/972","38/6658",0.526315789473684,3.6051548624648,6.61531279178338,6.65833024346766,3.92600595980756e-08,1.21349275121325e-06,1.21349275121325e-06,"IDO2/ACMSD/AADAT/GCDH/CYP1A1/AOX1/DHTKD1/KMO/ACAT1/INMT/TDO2/ALDH2/HAAO/ECHS1/KYNU/CYP1A2/EHHADH/CAT/ALDH1B1/ALDH8A1",20
"Down in tumour","Organismal Systems","Digestive system","hsa04975","Fat digestion and absorption","17/972","31/6658",0.548387096774194,3.75633877605204,7.21196709050112,6.35951417474954,1.90384378116103e-07,5.30994758076308e-06,5.30994758076308e-06,"APOA1/GOT2/PLA2G2A/ACAT1/ABCG8/DGAT2/ABCG5/PLA2G2D/PLA2G5/PLPP2/FABP1/MOGAT2/MTTP/AGPAT2/PLPP3/APOA4/NPC1L1",17
"Down in tumour","Metabolism","Lipid metabolism","hsa00071","Fatty acid degradation","20/972","41/6658",0.48780487804878,3.34136304326006,5.66726690676271,6.2172610566128,2.03027407499765e-07,5.30994758076308e-06,5.30994758076308e-06,"ADH1A/GCDH/ACSL5/ACAT1/ACADSB/ACADVL/ALDH2/ACOX1/ACAA1/ADH1C/ECHS1/ACADS/EHHADH/ACSL1/ALDH1B1/ADH6/ADH4/ACADL/ACAA2/ADH1B",20
"Down in tumour","Human Diseases","Infectious disease: bacterial","hsa05150","Staphylococcus aureus infection","23/972","53/6658",0.433962264150943,2.97255221678702,4.56930101861609,5.96072403451054,3.64003180320739e-07,8.8400772363608e-06,8.8400772363608e-06,"FGG/CFB/DSG1/FPR1/SELP/C1QC/C1QB/DEFB1/FCGR3B/C3/PLG/CFD/KRT19/MASP1/MBL2/CFI/C4A/C1S/C1QA/C1R/C5/FCGR2B/MASP2",23
"Down in tumour","Metabolism","Lipid metabolism","hsa00590","Arachidonic acid metabolism","20/972","43/6658",0.465116279069767,3.18595080868983,5.17263427109974,5.94536704355662,5.41212963096612e-07,1.22674938301899e-05,1.22674938301899e-05,"CYP4F3/PTGDS/CYP2C19/AKR1C8/EPHX2/PLA2G2A/CYP2B6/PTGS2/PLA2G2D/PTGR1/PTGIS/PLA2G5/GGT1/CYP2J2/CYP2E1/GGT5/HPGD/CYP2C9/CYP2C8/CYP4F2",20
"Down in tumour","Organismal Systems","Endocrine system","hsa03320","PPAR signaling pathway","26/972","66/6658",0.393939393939394,2.69840379099638,3.87938689217759,5.73288595296302,6.38090255194604e-07,1.35594179228853e-05,1.35594179228853e-05,"APOA1/CYP8B1/ACSL5/CYP27A1/GK/ACOX2/PCK1/ACOX1/PLIN5/ACAA1/ANGPTL4/PLIN1/PCK2/EHHADH/FABP1/SLC27A5/ACSL1/SCP2/APOC3/PLIN2/ACADL/PLIN4/SLC27A2/AQP7/HMGCS2/APOA5",26
"Down in tumour","Metabolism","Amino acid metabolism","hsa00350","Tyrosine metabolism","15/972","27/6658",0.555555555555556,3.80544124371285,7.41118077324974,6.03896522546614,8.14343648847956e-07,1.62868729769591e-05,1.62868729769591e-05,"ADH1A/GOT1/GOT2/AOX1/COMT/DCT/ADH1C/HGD/HPD/ADH6/ADH4/DBH/ADH1B/GSTZ1/TAT",15
"Down in tumour","Organismal Systems","Digestive system","hsa04974","Protein digestion and absorption","26/972","71/6658",0.366197183098592,2.50837535501072,3.44529011040639,5.28279494810949,3.26320603314823e-06,6.16383361816887e-05,6.16383361816887e-05,"COL11A2/COL25A1/ATP1B2/COL28A1/XPNPEP2/SLC15A1/MME/COL18A1/SLC6A19/KCNK5/SLC1A1/COL14A1/COL6A6/FXYD2/SLC7A8/SLC38A2/CPB2/COL4A3/COL23A1/ELN/COL4A4/COL26A1/MEP1B/SLC3A1/ACE2/SLC8A1",26
"Down in tumour","Environmental Information Processing","Signaling molecules and interaction","hsa04082","Neuroactive ligand signaling","31/972","97/6658",0.319587628865979,2.18910949896059,2.80520400605417,4.8774371283579,1.02904915280994e-05,0.000184145637871253,0.000184145637871253,"HTR2A/P2RY13/P2RX5/ADRA2B/SLC18A2/ADCY1/ADRA2A/GABBR1/P2RX1/ADRA1B/GNAO1/ADRA1A/GRIN2B/SLC1A2/PRKCB/GABRP/SLC1A1/SLC6A12/GRIA3/GRM8/PLCB2/GABRB3/CHRNA4/ADRB2/DRD5/SLC6A13/ADCY5/SLC17A9/SLC6A11/DRD1/GNG7",31
"Down in tumour","Metabolism","Amino acid metabolism","hsa00250","Alanine, aspartate and glutamate metabolism","15/972","32/6658",0.46875,3.21084104938272,5.22681172782593,5.18293516704662,1.29060002834818e-05,0.000219402004819191,0.000219402004819191,"GOT1/ASS1/GOT2/CPS1/GPT/GFPT2/GLS2/FOLH1/AGXT2/ASPA/ASL/ABAT/ALDH4A1/GPT2/AGXT",15
"Down in tumour","Metabolism","Carbohydrate metabolism","hsa00650","Butanoate metabolism","12/972","22/6658",0.545454545454545,3.73625140291807,7.095,5.31475356896457,1.37476623106514e-05,0.000222581199315308,0.000222581199315308,"ACSM2A/BDH1/ACAT1/ACSM3/HMGCL/ECHS1/ACSM5/ACADS/EHHADH/ABAT/ACSM2B/HMGCS2",12
"Down in tumour","Environmental Information Processing","Signaling molecules and interaction","hsa04061","Viral protein interaction with cytokine and cytokine receptor","24/972","68/6658",0.352941176470588,2.41757443718228,3.24626006904488,4.85765430938952,1.60527716674204e-05,0.000248088289405588,0.000248088289405588,"CCR7/IL18R1/CCL3/IL10RA/CCL14/CCL2/CXCL2/CXCL14/IL24/TNF/CCL16/IL2RB/CCL3L1/CXCL12/CCL21/CXCL6/CCL19/CCL22/CCL4L2/XCR1/CCL4/CCL5/TNFSF14/IL18RAP",24
"Down in tumour","Metabolism","Carbohydrate metabolism","hsa00620","Pyruvate metabolism","18/972","45/6658",0.4,2.73991769547325,3.95457721872816,4.84177589376159,2.66938929063406e-05,0.000394605373398078,0.000394605373398078,"ADH1A/ACOT12/ACACB/ACAT1/GRHPR/PC/ALDH2/PCK1/ADH1C/PCK2/LDHD/LDHAL6B/HAGH/ALDH1B1/ADH6/ADH4/FAHD2A/ADH1B",18
"Down in tumour","Metabolism","Lipid metabolism","hsa00120","Primary bile acid biosynthesis","10/972","17/6658",0.588235294117647,4.02929072863713,8.43332343332343,5.17032281362816,3.07395043603235e-05,0.000435476311771249,0.000435476311771249,"AKR1D1/CH25H/CYP8B1/CYP27A1/BAAT/ACOX2/AKR1C4/SLC27A5/SCP2/CYP39A1",10
"Down in tumour","Metabolism","Metabolism of other amino acids","hsa00410","beta-Alanine metabolism","13/972","27/6658",0.481481481481481,3.29804907788447,5.49203038879785,4.94675784027195,3.45251796736493e-05,0.00046954244356163,0.00046954244356163,"DPYS/ALDH2/ACOX1/ECHS1/ACADS/UPB1/EHHADH/ALDH6A1/CSAD/ALDH1B1/ABAT/CNDP1/MLYCD",13
"Down in tumour","Human Diseases","Immune disease","hsa05340","Primary immunodeficiency","14/972","31/6658",0.451612903225806,3.09345546263109,4.8732653813091,4.83008830571918,4.24352569701338e-05,0.000554922591147904,0.000554922591147904,"IL7R/CD8B/CD3E/CD19/CD4/TNFRSF13B/LCK/ZAP70/RAG1/PTPRC/CD79A/CD8A/BLNK/TNFRSF13C",14
"Down in tumour","Metabolism","Global and overview maps","hsa01200","Carbon metabolism","31/972","104/6658",0.298076923076923,2.0417655903767,2.53305285836985,4.42692783999774,4.79209190711907e-05,0.000603448610526105,0.000603448610526105,"HAO2/HK3/GOT1/GOT2/GLDC/RGN/ACAT1/PHGDH/PC/ENO3/CPS1/GPT/OGDHL/MMUT/SHMT1/ACOX1/ECHS1/AGXT2/FBP1/ACADS/PSAT1/TKFC/CAT/ALDH6A1/GLYCTK/SDS/ALDOB/HAO1/GPT2/IDNK/AGXT",31
"Down in tumour","Metabolism","Amino acid metabolism","hsa00220","Arginine biosynthesis","11/972","21/6658",0.523809523809524,3.58798745835783,6.49698231009365,4.91082987465384,5.24095907194901e-05,0.00062402687229786,0.00062402687229786,"OTC/GOT1/ASS1/GOT2/ARG1/CPS1/GPT/GLS2/ASL/GPT2/NAGS",11
"Down in tumour","Metabolism","Amino acid metabolism","hsa00280","Valine, leucine and isoleucine degradation","18/972","47/6658",0.382978723404255,2.62332545311269,3.68054651919323,4.61731955204764,5.32258214606998e-05,0.00062402687229786,0.00062402687229786,"AOX1/ACAT1/ACADSB/ALDH2/BCKDHB/MMUT/ACAA1/HMGCL/ECHS1/IVD/AGXT2/ACADS/EHHADH/ALDH6A1/ALDH1B1/ABAT/ACAA2/HMGCS2",18
"Down in tumour","Metabolism","Global and overview maps","hsa01230","Biosynthesis of amino acids","22/972","66/6658",0.333333333333333,2.28326474622771,2.96947368421053,4.33160269458982,9.70740262157302e-05,0.00110017229711161,0.00110017229711161,"OTC/CTH/GOT1/ASS1/GOT2/ARG1/PAH/PHGDH/PC/ENO3/CPS1/GPT/SHMT1/LOC102724560/PSAT1/ASL/MAT1A/CBS/SDS/ALDOB/GPT2/NAGS",22
"Down in tumour","Metabolism","Lipid metabolism","hsa00591","Linoleic acid metabolism","10/972","19/6658",0.526315789473684,3.6051548624648,6.55694155694156,4.70140856618845,0.000110428671533135,0.00121115317165374,0.00121115317165374,"CYP2C19/PLA2G2A/PLA2G2D/CYP1A2/PLA2G5/CYP2J2/CYP2E1/CYP2C9/CYP2C8/CYP3A4",10
"Down in tumour","Metabolism","Xenobiotics biodegradation and metabolism","hsa00983","Drug metabolism - other enzymes","22/972","67/6658",0.328358208955224,2.2491861679258,2.90297076023392,4.24871789098178,0.000124971137944883,0.00132781834066438,0.00132781834066438,"UGT2B10/CYP2A6/UGT2B15/CYP2A7/DPYS/NAT1/GSTM1/UPB1/GSTM2/UGT2B7/UGT1A9/XDH/CDA/GSTA1/UGT1A1/CYP2E1/GSTT2B/CYP3A4/GSTA2/UPP2/NAT2/UGT1A4",22
"Down in tumour","Environmental Information Processing","Signaling molecules and interaction","hsa04081","Hormone signaling","33/972","120/6658",0.275,1.88369341563786,2.26172377070251,4.03867370925603,0.000158568031273608,0.00163373123130384,0.00163373123130384,"DIO1/GHR/SLC16A2/ADRA2B/PIK3CD/AGTR1/ADCY1/GNA14/RAMP3/HAMP/ADRA2A/ESR1/IGF1/ADRA1B/GNAO1/ADRA1A/SSTR1/SMAD9/EPOR/BMPR1B/AVPR1A/PLCB2/VIPR1/ADRB2/DRD5/LEPR/GCGR/PTH1R/IGF2/ADCY5/TSHR/DRD1/GNG7",33
"Down in tumour","Organismal Systems","Digestive system","hsa04978","Mineral absorption","17/972","47/6658",0.361702127659574,2.47758515016198,3.3560907504363,4.20278188244768,0.000194999365693035,0.00194999365693035,0.00194999365693035,"ATP1B2/SLC34A2/MT1E/SLC5A1/TRPV6/SLC6A19/MT1A/FXYD2/MT1G/MT1F/TF/SLC34A1/MT1M/MT2A/MT1H/MT1X/SLC8A1",17
"Down in tumour","Metabolism","Metabolism of other amino acids","hsa00430","Taurine and hypotaurine metabolism","7/972","11/6658",0.636363636363636,4.35895997007108,10.3041450777202,4.60953709920307,0.000266516640608001,0.00258901879447773,0.00258901879447773,"BAAT/CDO1/FMO3/GGT1/CSAD/GGT5/FMO2",7
"Down in tumour","Cellular Processes","Transport and catabolism","hsa04146","Peroxisome","24/972","81/6658",0.296296296296296,2.02956866331352,2.50011103708639,3.85436542919961,0.000369449813316683,0.00348924823687979,0.00348924823687979,"HAO2/DAO/ACSL5/BAAT/EPHX2/ACOX2/PIPOX/PXMP2/ACOX1/ACAA1/HMGCL/NUDT7/EHHADH/CAT/XDH/ACSL1/SCP2/PECR/HAO1/SLC27A2/PHYH/MLYCD/AGXT/PEX11G",24
"Down in tumour","Metabolism","Carbohydrate metabolism","hsa00040","Pentose and glucuronate interconversions","11/972","26/6658",0.423076923076923,2.89798987021209,4.3275060700659,4.00891906694892,0.000569447787402252,0.00510965042059349,0.00510965042059349,"UGP2/UGT2B10/UGT2B15/CRYL1/SORD/UGT2B7/UGT1A9/UGT1A1/BKGD/DCXR/UGT1A4",11
"Down in tumour","Metabolism","Metabolism of cofactors and vitamins","hsa00670","One carbon pool by folate","14/972","38/6658",0.368421052631579,2.52360840372536,3.44763395963813,3.8940824823473,0.000571078576419272,0.00510965042059349,0.00510965042059349,"FTCD/DMGDH/CTH/BHMT/GLDC/ALDH1L1/MTHFD1/SHMT1/LOC102724560/GNMT/BHMT2/MAT1A/CBS/SARDH",14
"Down in tumour","Organismal Systems","Digestive system","hsa04979","Cholesterol metabolism","17/972","51/6658",0.333333333333333,2.28326474622771,2.95916230366492,3.8033665395142,0.000591714627970538,0.00515853778230725,0.00515853778230726,"APOA1/CIDEB/CYP27A1/LPA/ABCB11/LCAT/APOH/LDLR/ABCG8/ABCG5/ANGPTL4/LIPG/APOC3/ANGPTL3/APOA4/CETP/LIPC",17
"Down in tumour","Metabolism","Carbohydrate metabolism","hsa00630","Glyoxylate and dicarboxylate metabolism","12/972","31/6658",0.387096774193548,2.65153325368379,3.72828947368421,3.81047105969894,0.000842288829795469,0.00715945505326149,0.00715945505326149,"HAO2/GLDC/ACAT1/GRHPR/HOGA1/MMUT/SHMT1/AGXT2/CAT/GLYCTK/HAO1/AGXT",12
"Down in tumour","Environmental Information Processing","Membrane transport","hsa02010","ABC transporters","14/972","40/6658",0.35,2.39742798353909,3.18130721053477,3.66492450826704,0.00103218864500058,0.00855961315366333,0.00855961315366333,"ABCG2/ABCB11/DEFB1/ABCC6/ABCC9/ABCG8/ABCA8/ABCG5/ABCB4/ABCA9/ABCA13/ABCA10/ABCA6/CFTR",14
"Down in tumour","Metabolism","Amino acid metabolism","hsa00340","Histidine metabolism","9/972","20/6658",0.45,3.08240740740741,4.82158028887001,3.85594700988134,0.00106765980408885,0.00864296031881447,0.00864296031881447,"FTCD/ALDH2/AMDHD1/ASPA/UROC1/HAL/ALDH1B1/HDC/CNDP1",9
"Down in tumour","Genetic Information Processing","Information processing in viruses","hsa03265","Virion - Ebolavirus, Lyssavirus and Morbillivirus","6/972","10/6658",0.6,4.10987654320988,8.82298136645963,4.06880265755747,0.00118185190222527,0.00934487550596728,0.00934487550596728,"NCAM2/ASGR1/NCAM1/FCGR2B/CLEC4M/NGFR",6
"Down in tumour","Metabolism","Amino acid metabolism","hsa00270","Cysteine and methionine metabolism","16/972","50/6658",0.32,2.1919341563786,2.78218065468865,3.49760880423539,0.00139819456590386,0.0108042307365298,0.0108042307365298,"CTH/BHMT/GOT1/GOT2/PHGDH/CDO1/LOC102724560/AGXT2/GNMT/BHMT2/PSAT1/MAT1A/LDHAL6B/CBS/SDS/TAT",16
"Down in tumour","Organismal Systems","Nervous system","hsa04727","GABAergic synapse","17/972","56/6658",0.303571428571429,2.07940182245738,2.57750033561552,3.35357778241017,0.00191974198230131,0.0145047171996099,0.0145047171996099,"GPHN/ADCY1/GABBR1/GNAO1/SLC38A3/GLS2/PRKCB/GABRP/SLC6A12/GABRB3/SLC38A2/SLC6A13/ABAT/ADCY5/SLC6A11/GABARAPL1/GNG7",17
"Down in tumour","Organismal Systems","Excretory system","hsa04964","Proximal tubule bicarbonate reclamation","8/972","18/6658",0.444444444444444,3.04435299497028,4.7103734439834,3.59068314396469,0.00224457272683941,0.0165903201549,0.0165903201549,"ATP1B2/SLC38A3/PCK1/CA2/GLS2/PCK2/FXYD2/SLC4A4",8
"Down in tumour","Metabolism","Carbohydrate metabolism","hsa00640","Propanoate metabolism","11/972","30/6658",0.366666666666667,2.51159122085048,3.41404239005422,3.43062084134735,0.00230582731144217,0.0166804528912838,0.0166804528912838,"ACACB/BCKDHB/MMUT/ACOX1/ECHS1/ACADS/EHHADH/LDHAL6B/ALDH6A1/ABAT/MLYCD",11
"Down in tumour","Metabolism","Carbohydrate metabolism","hsa00053","Ascorbate and aldarate metabolism","9/972","22/6658",0.409090909090909,2.80218855218855,4.078360891445,3.50047807357049,0.00240432017315978,0.0170306012265484,0.0170306012265484,"UGT2B10/UGT2B15/RGN/ALDH2/UGT2B7/UGT1A9/UGT1A1/ALDH1B1/UGT1A4",9
"Down in tumour","Metabolism","Amino acid metabolism","hsa00330","Arginine and proline metabolism","14/972","44/6658",0.318181818181818,2.17947998503554,2.75518441196938,3.24529216911562,0.00290509249678786,0.0201577846715892,0.0201577846715892,"PRODH2/DAO/GOT1/GOT2/ARG1/HOGA1/ALDH2/SAT2/GAMT/OAT/ALDH1B1/ALDH4A1/CNDP1/PRODH",14
"Down in tumour","Human Diseases","Endocrine and metabolic disease","hsa04936","Alcoholic liver disease","29/972","119/6658",0.243697478991597,1.66927758757824,1.91214799104513,3.04574175410025,0.00304961392831603,0.0206121873143266,0.0206121873143266,"ADH1A/MAPK10/LPIN2/ACACB/C1QC/C1QB/C3/FOXO1/CXCL2/ACADVL/ALDH2/CD14/ACOX1/LBP/TNF/ADH1C/PPARGC1A/C4A/FABP1/C1QA/PRKAG2/CYP2E1/ALDH1B1/ADH6/ADH4/C5/IL17RC/MLYCD/ADH1B",29
"Down in tumour","Metabolism","Global and overview maps","hsa01210","2-Oxocarboxylic acid metabolism","11/972","31/6658",0.354838709677419,2.43057214921014,3.24276795005203,3.30066243668882,0.00311077347634785,0.0206121873143266,0.0206121873143266,"AADAT/GOT1/GOT2/DHTKD1/BCKDHB/GPT/OGDHL/AGXT2/GPT2/AGXT/NAGS",11
"Down in tumour","Organismal Systems","Immune system","hsa04662","B cell receptor signaling pathway","21/972","78/6658",0.269230769230769,1.84417537195315,2.18069622004538,3.10053055559643,0.00315245217748524,0.0206121873143266,0.0206121873143266,"IFITM1/BANK1/LILRB5/PIK3CD/LILRA1/CD19/LILRA5/LILRB2/LILRB1/PRKCB/CD22/BLK/CARD11/FOS/CD79A/FCGR2B/BLNK/VAV1/DAPP1/LILRA2/CD81",21
"Down in tumour","Organismal Systems","Digestive system","hsa04981","Folate transport and metabolism","10/972","27/6658",0.37037037037037,2.5369608291419,3.46643023113611,3.30844676248068,0.00332801466457648,0.0213495280369057,0.0213495280369057,"ABCG2/BHMT/MTHFD1/SHMT1/SLCO1B3-SLCO1B7/FOLH1/SLCO1B1/BHMT2/SLCO1B3/SLCO2B1",10
"Down in tumour","Metabolism","Carbohydrate metabolism","hsa00010","Glycolysis / Gluconeogenesis","16/972","54/6658",0.296296296296296,2.02956866331352,2.48755780665052,3.14063630324669,0.00339108040723122,0.0213512470084929,0.0213512470084929,"HK3/ADH1A/ALDH2/ENO3/PCK1/ADH1C/FBP1/PCK2/LDHAL6B/PGM1/ALDH1B1/ADH6/ADH4/ALDOB/G6PC1/ADH1B",16
"Down in tumour","Human Diseases","Infectious disease: bacterial","hsa05133","Pertussis","18/972","65/6658",0.276923076923077,1.8968660968661,2.2637494981935,3.00408163929058,0.00437246886622388,0.0270298075366567,0.0270298075366567,"MAPK10/C4BPB/C1QC/C1QB/C3/CD14/TNF/NLRP3/C4A/FOS/C1S/C1QA/CXCL6/C1R/C4BPA/C5/SERPING1/IRF8",18
"Down in tumour","Metabolism","Lipid metabolism","hsa00561","Glycerolipid metabolism","16/972","56/6658",0.285714285714286,1.95708406819518,2.36234309623431,2.97355053532424,0.00504151063603196,0.0306091717187655,0.0306091717187655,"LPIN2/MOGAT1/GK/PNPLA3/ALDH2/DGAT2/TKFC/MGLL/LIPG/GLYCTK/PLPP2/MOGAT2/ALDH1B1/AGPAT2/PLPP3/LIPC",16
"Down in tumour","Human Diseases","Infectious disease: parasitic","hsa05146","Amoebiasis","21/972","82/6658",0.25609756097561,1.75421559771153,2.03625174535864,2.84112614626818,0.00594685942693775,0.0351906621391978,0.0351906621391978,"LAMC3/LAMA1/C9/PIK3CD/ARG1/CXCL2/ADCY1/GNA14/LAMC2/CD14/PRKCB/TNF/PLCB2/C8A/COL4A3/LAMA2/COL4A4/C8B/CD1D/CD1C/C8G",21
"Down in tumour","Human Diseases","Infectious disease: parasitic","hsa05143","African trypanosomiasis","10/972","29/6658",0.344827586206897,2.36199801333901,3.10044862676442,3.03892825295661,0.00600311295315727,0.0351906621391978,0.0351906621391978,"IDO2/APOA1/HBB/HBA1/PRKCB/TNF/KNG1/PLCB2/HPR/HBA2",10
