"sample_id","gsm","patient","tissue"
"HDV_1B_S4","GSM4284626","P1","non_tumor"
"HDV_1A_S13","GSM4284625","P1","tumor"
"HDV_10B_S37","GSM4284606","P10","non_tumor"
"HDV_10A_S33","GSM4284605","P10","tumor"
"HDV_11B_S6","GSM4284608","P11","non_tumor"
"HDV_11A_S34","GSM4284607","P11","tumor"
"HDV_12B_S46","GSM4284610","P12","non_tumor"
"HDV_12A_S54","GSM4284609","P12","tumor"
"HDV_13B_S1","GSM4284612","P13","non_tumor"
"HDV_13A_S56","GSM4284611","P13","tumor"
"HDV_14B_S30","GSM4284614","P14","non_tumor"
"HDV_14A_S39","GSM4284613","P14","tumor"
"HDV_15B_S34","GSM4284616","P15","non_tumor"
"HDV_15A_S11","GSM4284615","P15","tumor"
"HDV_16B_S7","GSM4284618","P16","non_tumor"
"HDV_16A_S58","GSM4284617","P16","tumor"
"HDV_17B_S11","GSM4284620","P17","non_tumor"
"HDV_17A_S16","GSM4284619","P17","tumor"
"HDV_18B_S49","GSM4284622","P18","non_tumor"
"HDV_18A_S21","GSM4284621","P18","tumor"
"HDV_19B_S12","GSM4284624","P19","non_tumor"
"HDV_19A_S30","GSM4284623","P19","tumor"
"HDV_2B_S10","GSM4284648","P2","non_tumor"
"HDV_2A_S38","GSM4284647","P2","tumor"
"HDV_20B_S57","GSM4284628","P20","non_tumor"
"HDV_20A_S60","GSM4284627","P20","tumor"
"HDV_21B_S52","GSM4284630","P21","non_tumor"
"HDV_21A_S26","GSM4284629","P21","tumor"
"HDV_22B_S55","GSM4284632","P22","non_tumor"
"HDV_22A_S31","GSM4284631","P22","tumor"
"HDV_23B_S58","GSM4284634","P23","non_tumor"
"HDV_23A_S42","GSM4284633","P23","tumor"
"HDV_24B_S17","GSM4284636","P24","non_tumor"
"HDV_24A_S45","GSM4284635","P24","tumor"
"HDV_25B_S22","GSM4284638","P25","non_tumor"
"HDV_25A_S62","GSM4284637","P25","tumor"
"HDV_26B_S27","GSM4284640","P26","non_tumor"
"HDV_26A_S10","GSM4284639","P26","tumor"
"HDV_27B_S59","GSM4284642","P27","non_tumor"
"HDV_27A_S57","GSM4284641","P27","tumor"
"HDV_28B_S60","GSM4284644","P28","non_tumor"
"HDV_28A_S48","GSM4284643","P28","tumor"
"HDV_29B_S61","GSM4284646","P29","non_tumor"
"HDV_29A_S64","GSM4284645","P29","tumor"
"HDV_3B_S15","GSM4284670","P3","non_tumor"
"HDV_3A_S18","GSM4284669","P3","tumor"
"HDV_30B_S62","GSM4284650","P30","non_tumor"
"HDV_30A_S2","GSM4284649","P30","tumor"
"HDV_31B_S70","GSM4284652","P31","non_tumor"
"HDV_31A_S66","GSM4284651","P31","tumor"
"HDV_32B_S31","GSM4284654","P32","non_tumor"
"HDV_32A_S52","GSM4284653","P32","tumor"
"HDV_33B_S63","GSM4284656","P33","non_tumor"
"HDV_33A_S68","GSM4284655","P33","tumor"
"HDV_34B_S64","GSM4284658","P34","non_tumor"
"HDV_34A_S35","GSM4284657","P34","tumor"
"HDV_35B_S16","GSM4284660","P35","non_tumor"
"HDV_35A_S15","GSM4284659","P35","tumor"
"HDV_36B_S35","GSM4284662","P36","non_tumor"
"HDV_36A_S20","GSM4284661","P36","tumor"
"HDV_37B_S38","GSM4284664","P37","non_tumor"
"HDV_37A_S5","GSM4284663","P37","tumor"
"HDV_38B_S40","GSM4284666","P38","non_tumor"
"HDV_38A_S9","GSM4284665","P38","tumor"
"HDV_39B_S42","GSM4284668","P39","non_tumor"
"HDV_39A_S59","GSM4284667","P39","tumor"
"HDV_4B_S20","GSM4284692","P4","non_tumor"
"HDV_4A_S23","GSM4284691","P4","tumor"
"HDV_40B_S44","GSM4284672","P40","non_tumor"
"HDV_40A_S14","GSM4284671","P40","tumor"
"HDV_41B_S2","GSM4284674","P41","non_tumor"
"HDV_41A_S19","GSM4284673","P41","tumor"
"HDV_42B_S8","GSM4284676","P42","non_tumor"
"HDV_42A_S25","GSM4284675","P42","tumor"
"HDV_43B_S13","GSM4284678","P43","non_tumor"
"HDV_43A_S67","GSM4284677","P43","tumor"
"HDV_44B_S65","GSM4284680","P44","non_tumor"
"HDV_44A_S61","GSM4284679","P44","tumor"
"HDV_45B_S18","GSM4284682","P45","non_tumor"
"HDV_45A_S63","GSM4284681","P45","tumor"
"HDV_46B_S23","GSM4284684","P46","non_tumor"
"HDV_46A_S37","GSM4284683","P46","tumor"
"HDV_47B_S28","GSM4284686","P47","non_tumor"
"HDV_47A_S41","GSM4284685","P47","tumor"
"HDV_48B_S32","GSM4284688","P48","non_tumor"
"HDV_48A_S69","GSM4284687","P48","tumor"
"HDV_49B_S66","GSM4284690","P49","non_tumor"
"HDV_49A_S70","GSM4284689","P49","tumor"
"HDV_5B_S25","GSM4284714","P5","non_tumor"
"HDV_5A_S24","GSM4284713","P5","tumor"
"HDV_50B_S36","GSM4284694","P50","non_tumor"
"HDV_50A_S3","GSM4284693","P50","tumor"
"HDV_51B_S39","GSM4284696","P51","non_tumor"
"HDV_51A_S7","GSM4284695","P51","tumor"
"HDV_52B_S41","GSM4284698","P52","non_tumor"
"HDV_52A_S12","GSM4284697","P52","tumor"
"HDV_53B_S21","GSM4284700","P53","non_tumor"
"HDV_53A_S17","GSM4284699","P53","tumor"
"HDV_54B_S43","GSM4284702","P54","non_tumor"
"HDV_54A_S50","GSM4284701","P54","tumor"
"HDV_55B_S45","GSM4284704","P55","non_tumor"
"HDV_55A_S22","GSM4284703","P55","tumor"
"HDV_56B_S68","GSM4284706","P56","non_tumor"
"HDV_56A_S51","GSM4284705","P56","tumor"
"HDV_57B_S3","GSM4284708","P57","non_tumor"
"HDV_57A_S65","GSM4284707","P57","tumor"
"HDV_58B_S51","GSM4284710","P58","non_tumor"
"HDV_58A_S44","GSM4284709","P58","tumor"
"HDV_59B_2_S69","GSM4284712","P59","non_tumor"
"HDV_59A_S47","GSM4284711","P59","tumor"
"HDV_6B_S29","GSM4284736","P6","non_tumor"
"HDV_6A_S29","GSM4284735","P6","tumor"
"HDV_60B_S47","GSM4284716","P60","non_tumor"
"HDV_60A_S27","GSM4284715","P60","tumor"
"HDV_61B_S1","GSM4284718","P61","non_tumor"
"HDV_61A_S32","GSM4284717","P61","tumor"
"HDV_62B_S9","GSM4284720","P62","non_tumor"
"HDV_62A_S36","GSM4284719","P62","tumor"
"HDV_63B_S53","GSM4284722","P63","non_tumor"
"HDV_63A_S40","GSM4284721","P63","tumor"
"HDV_64B_S14","GSM4284724","P64","non_tumor"
"HDV_64A_S43","GSM4284723","P64","tumor"
"HDV_65B_S19","GSM4284726","P65","non_tumor"
"HDV_65A_S46","GSM4284725","P65","tumor"
"HDV_66B_S24","GSM4284728","P66","non_tumor"
"HDV_66A_S49","GSM4284727","P66","tumor"
"HDV_67B_S56","GSM4284730","P67","non_tumor"
"HDV_67A_S4","GSM4284729","P67","tumor"
"HDV_68B_S5","GSM4284732","P68","non_tumor"
"HDV_68A_S50","GSM4284731","P68","tumor"
"HDV_69B_S48","GSM4284734","P69","non_tumor"
"HDV_69A_S8","GSM4284733","P69","tumor"
"HDV_7B_S54","GSM4284740","P7","non_tumor"
"HDV_7A_S28","GSM4284739","P7","tumor"
"HDV_70B_S67","GSM4284738","P70","non_tumor"
"HDV_70A_S53","GSM4284737","P70","tumor"
"HDV_8B_S33","GSM4284742","P8","non_tumor"
"HDV_8A_S55","GSM4284741","P8","tumor"
"HDV_9B_S26","GSM4284744","P9","non_tumor"
"HDV_9A_S6","GSM4284743","P9","tumor"
